condition,contribution
Glucose > 139.25,0.18138641266348365
Glucose_BMI_Interaction > 4.67,0.16209984292315635
DiabetesPedigreeFunction <= 0.24,-0.06270233221498914
29.00 < Age <= 40.00,0.052769086297412095
Insulin > 179.10,0.04189929434922197
BMI > 36.32,0.03826741411310561
SkinThickness > 34.10,0.03204714140980454
1.00 < Pregnancies <= 3.00,-0.012182034421617279
