model,accuracy,precision,recall,f1_score,roc_auc
xgboost,0.7532467532467533,0.6027397260273972,0.8301886792452831,0.6984126984126984,0.8068372875023352
svm,0.7597402597402597,0.7,0.5283018867924528,0.6021505376344086,0.8064636652344479
logistic_regression,0.7207792207792207,0.578125,0.6981132075471698,0.6324786324786325,0.8002988978143097
random_forest,0.7337662337662337,0.59375,0.7169811320754716,0.6495726495726496,0.7991780310106482
