{
  "logistic_regression": 0.8454916102443331,
  "random_forest": 0.8510023550191346,
  "xgboost": 0.8450919929349425,
  "svm": 0.8479194877833383
}