feature,mean_abs_shap
Glucose_BMI_Interaction,0.0809945491072635
Glucose,0.07783929475300577
Insulin,0.06206501579608788
Age,0.0460793320296924
BMI,0.042102120387377456
DiabetesPedigreeFunction,0.03499812495786914
Pregnancies,0.022074420065738173
SkinThickness,0.021141209483091214
Glucose_Insulin_Ratio,0.016637715978300126
BloodPressure,0.005965147907880453
BMI_Category,0.00538627976397503
Age_Group,0.004345287076520823
