{
  "use_smote": true,
  "n_estimators": 250,
  "max_depth": 3,
  "learning_rate": 0.007671628941101756,
  "subsample": 0.6046483846510212,
  "colsample_bytree": 0.834113504045376
}